2025-12-18 06:52:09, John Doe, john@example.com, Hello there!2025-12-18 06:53:53,John Doe,john@example.com,Hello there!2025-12-18 06:54:02,John Doe,john@example.com,Hello there!2025-12-18 06:54:03,John Doe,john@example.com,Hello there!2025-12-18 06:54:04,John Doe,john@example.com,Hello there!2025-12-18 06:57:08,John Doe,john@example.com,Hello there!
2025-12-18 06:57:10,John Doe,john@example.com,Hello there!
2025-12-18 06:57:10,John Doe,john@example.com,Hello there!
2025-12-18 06:57:11,John Doe,john@example.com,Hello there!
2025-12-18 06:57:12,John Doe,john@example.com,Hello there!
2025-12-18 06:57:40,John Doe,john@example.com,Hello there!2025-12-18 06:57:41,John Doe,john@example.com,Hello there!2025-12-18 06:57:42,John Doe,john@example.com,Hello there!2025-12-18 06:57:42,John Doe,john@example.com,Hello there!2025-12-18 06:58:37,John Doe,john@example.com,Hello there!2025-12-18 06:58:38,John Doe,john@example.com,Hello there!2025-12-18 06:58:39,John Doe,john@example.com,Hello there!2025-12-18 06:58:39,John Doe,john@example.com,Hello there!2025-12-18 06:58:39,John Doe,john@example.com,Hello there!2025-12-18 06:58:40,John Doe,john@example.com,Hello there!2025-12-18 06:58:40,John Doe,john@example.com,Hello there!2025-12-18 06:58:40,John Doe,john@example.com,Hello there!2025-12-18 06:58:40,John Doe,john@example.com,Hello there!2025-12-18 06:58:40,John Doe,john@example.com,Hello there!2025-12-18 06:58:40,John Doe,john@example.com,Hello there!2025-12-18 06:58:40,John Doe,john@example.com,Hello there!2025-12-18 06:58:41,John Doe,john@example.com,Hello there!2025-12-18 06:58:41,John Doe,john@example.com,Hello there!2025-12-18 06:58:41,John Doe,john@example.com,Hello there!2025-12-18 06:58:41,John Doe,john@example.com,Hello there!2025-12-18 06:58:41,John Doe,john@example.com,Hello there!2025-12-18 06:58:44,John Doe,john@example.com,Hello there!2025-12-18 06:59:08,John Doe,john@example.com,Hello there!\n2025-12-18 06:59:09,John Doe,john@example.com,Hello there!\n2025-12-18 06:59:09,John Doe,john@example.com,Hello there!\n2025-12-18 06:59:29,John Doe,john@example.com,Hello there!\n2025-12-18 06:59:30,John Doe,john@example.com,Hello there!\n2025-12-18 06:59:31,John Doe,john@example.com,Hello there!\n2025-12-18 07:04:08,John Doe,john@example.com,Hello there!
2025-12-18 07:04:12,John Doe,john@example.com,Hello there!
2025-12-18 07:04:13,John Doe,john@example.com,Hello there!
2025-12-18 07:04:13,John Doe,john@example.com,Hello there!
2025-12-18 07:04:14,John Doe,john@example.com,Hello there!
2025-12-18 07:04:14,John Doe,john@example.com,Hello there!
2025-12-18 07:04:15,John Doe,john@example.com,Hello there!
2025-12-18 07:04:15,John Doe,john@example.com,Hello there!
2025-12-18 07:04:15,John Doe,john@example.com,Hello there!
2025-12-18 07:04:15,John Doe,john@example.com,Hello there!
2025-12-18 07:04:15,John Doe,john@example.com,Hello there!
2025-12-18 07:04:16,John Doe,john@example.com,Hello there!
2025-12-18 07:04:16,John Doe,john@example.com,Hello there!
2025-12-18 07:04:16,John Doe,john@example.com,Hello there!
2025-12-18 07:04:16,John Doe,john@example.com,Hello there!
2025-12-18 07:04:16,John Doe,john@example.com,Hello there!
2025-12-18 07:04:16,John Doe,john@example.com,Hello there!
2025-12-18 07:04:17,John Doe,john@example.com,Hello there!
2025-12-18 07:04:17,John Doe,john@example.com,Hello there!
2025-12-18 07:04:17,John Doe,john@example.com,Hello there!
2025-12-18 07:04:17,John Doe,john@example.com,Hello there!
2025-12-18 07:04:17,John Doe,john@example.com,Hello there!
2025-12-18 07:04:18,John Doe,john@example.com,Hello there!
2025-12-18 07:05:06,John Doe,john@example.com,Hello there!
2025-12-18 07:05:07,John Doe,john@example.com,Hello there!
2025-12-18 07:05:07,John Doe,john@example.com,Hello there!
2025-12-18 07:05:08,John Doe,john@example.com,Hello there!
2025-12-18 07:05:11,John Doe,john@example.com,Hello there!
2025-12-18 07:05:58,John Doe,john@example.com,Hello there!
2025-12-18 07:06:25, John Doe, john@example.com, Hello there!
2025-12-18 07:06:53, John Doe, john@example.com, Hello there!
2025-12-18 07:07:00, John Doe, john@example.com, Hello there!
2025-12-18 07:07:08, John Doe, john@example.com, Hello there!
2025-12-18 07:07:16, John Doe, john@example.com, Hello there!
2025-12-18 07:07:50, John Doe, john@example.com, Hello there!
2025-12-22 09:40:34, John Doe, john@example.com, Hello there!
